     14735.2,       666.9,       927.0,      1070.0,        87.0,        71.0,        32.0,       652.0,       434.0
     53896.8,      2850.9,       868.0,      4311.0,       276.0,       225.0,       102.0,      2883.0,      1558.0
    104591.0,      3696.5,      1951.0,     10531.0,       427.0,       347.0,       192.0,      7359.0,      5538.0
    891258.0,     17612.2,     23445.0,    287723.0,      3816.0,      2859.0,      1505.0,    177664.0,     83679.0
     46779.2,      1746.8,      1481.0,      3381.0,       219.0,       173.0,        89.0,      2089.0,      1188.0
     37056.1,      2823.2,      4991.0,      3993.0,       201.0,       162.0,        69.0,      2245.0,      1665.0
    945662.0,     48240.9,      1826.0,    251404.0,      4003.0,      3040.0,      1756.0,    189197.0,     78507.0
     32449.7,      2110.1,      1478.0,      2219.0,       177.0,       141.0,        65.0,      1025.0,       893.0
     37708.1,      2372.0,      4829.0,      4156.0,       197.0,       155.0,        70.0,      2587.0,      1358.0
     30060.1,      1377.3,      1092.0,      2034.0,       156.0,       126.0,        59.0,      1231.0,      1325.0
      6863.7,       960.1,      2046.0,       608.0,        40.0,        35.0,        18.0,       329.0,       274.0
    207126.0,      3631.1,      2565.0,     46675.0,       919.0,       693.0,       355.0,     34414.0,     15856.0
     37658.4,      1251.4,      1111.0,      4411.0,       238.0,       187.0,        91.0,      2815.0,      1411.0
    101655.0,      2294.4,      2021.0,     18626.0,       547.0,       411.0,       185.0,      7915.0,      6927.0
      8717.7,       727.2,      2347.0,       634.0,        56.0,        47.0,        22.0,       470.0,       254.0
     71446.7,      2080.3,      1802.0,      6709.0,       313.0,       247.0,       129.0,      3373.0,      2074.0
     20360.1,      2047.7,      3288.0,      2144.0,       107.0,        90.0,        39.0,      1048.0,       972.0
     72808.5,      2711.9,      1707.0,      5713.0,       337.0,       265.0,       143.0,      1528.0,      1543.0
     53816.5,      1626.4,      1505.0,      4700.0,       263.0,       208.0,       111.0,      3719.0,      2217.0
   1133130.0,     73358.5,      2270.0,    328967.0,      4755.0,      3588.0,      2020.0,    177957.0,     97750.0
   1058090.0,     63311.8,     12199.0,    238890.0,      5661.0,      4275.0,      2278.0,     28011.0,     21331.0
     10974.4,       635.7,      1159.0,       783.0,        80.0,        62.0,        28.0,       357.0,       317.0
     88755.1,      1903.3,      2625.0,     16727.0,       458.0,       347.0,       160.0,     10199.0,      5865.0
     50590.2,      2905.4,       891.0,      3428.0,       265.0,       213.0,       100.0,      2541.0,      1538.0
     10975.3,      1017.8,      2272.0,       796.0,        66.0,        56.0,        26.0,       521.0,       388.0
     14447.4,       675.1,       970.0,       859.0,        91.0,        75.0,        33.0,       480.0,       357.0
     76339.5,      2195.4,      1826.0,      7219.0,       330.0,       259.0,       135.0,      3367.0,      2749.0
     85599.7,      2327.2,      1648.0,     15022.0,       432.0,       332.0,       161.0,     13906.0,      5517.0
      9768.1,       684.2,      2636.0,       627.0,        55.0,        48.0,        23.0,       565.0,       302.0
      8734.7,       645.7,      2400.0,       525.0,        53.0,        46.0,        22.0,       411.0,       261.0
     80764.1,      1911.2,      1546.0,     13965.0,       421.0,       325.0,       142.0,      5195.0,      4402.0
     10050.8,       555.5,      2137.0,       680.0,        62.0,        53.0,        24.0,       405.0,       276.0
     16416.4,       901.4,      1032.0,       665.0,       101.0,        81.0,        37.0,       494.0,       352.0
     66005.6,      2613.0,      2791.0,      7201.0,       292.0,       233.0,       127.0,      3931.0,      2745.0
     57800.8,      3819.4,      5336.0,      4870.0,       288.0,       230.0,        98.0,      2314.0,      1953.0
     22958.2,      1353.8,      2008.0,      1319.0,       138.0,       112.0,        51.0,       901.0,       690.0
    173895.0,      4031.8,      1750.0,     37956.0,       943.0,       725.0,       397.0,     35354.0,     14811.0
     22615.5,      1012.1,      3218.0,      1798.0,       117.0,        95.0,        43.0,      1593.0,       735.0
     27843.8,       972.8,      1100.0,      2106.0,       139.0,       115.0,        55.0,      1654.0,      1139.0
     75161.6,      2218.0,      2265.0,      8479.0,       314.0,       251.0,       131.0,      5014.0,      2811.0
    779820.0,     42612.7,      1545.0,    210921.0,      4077.0,      3055.0,      1766.0,     65177.0,     58086.0
    180058.0,      4364.7,      1306.0,     33523.0,       836.0,       635.0,       330.0,     13579.0,     11755.0
    730648.0,     16932.8,      4735.0,    203021.0,      3700.0,      2735.0,      1663.0,    186001.0,     59138.0
     27734.7,      1109.1,      4561.0,      2344.0,       148.0,       119.0,        50.0,       781.0,       700.0
     18404.0,      1942.2,      4444.0,      1762.0,       110.0,        90.0,        38.0,      1379.0,       730.0
    102914.0,      3855.1,      2207.0,      8653.0,       452.0,       361.0,       190.0,      6092.0,      4499.0
     83414.0,      2231.2,      1110.0,     14771.0,       416.0,       329.0,       156.0,     13221.0,      5119.0
     40757.1,      1336.1,      1090.0,      3309.0,       237.0,       185.0,        79.0,      1059.0,      1007.0
    878502.0,     16550.2,      4720.0,    209571.0,      3608.0,      2863.0,      1601.0,    192582.0,     60655.0
     43821.1,      1493.8,      5318.0,      3979.0,       233.0,       190.0,        80.0,      2522.0,      2026.0
    635638.0,     16429.1,      3284.0,     85830.0,      2529.0,      1963.0,      1162.0,     30543.0,     24958.0
     67189.4,      2584.3,      1453.0,      8049.0,       296.0,       231.0,       129.0,      2719.0,      2340.0
      8132.1,       619.3,      2228.0,       585.0,        52.0,        45.0,        21.0,       419.0,       281.0
     82759.4,      2234.4,      1638.0,      7279.0,       382.0,       298.0,       156.0,      2838.0,      3105.0
    101153.0,      3786.3,      2415.0,      7281.0,       445.0,       354.0,       193.0,      3109.0,      3065.0
     29951.7,      1032.4,      1056.0,      2116.0,       163.0,       132.0,        60.0,      1189.0,      1312.0
     64145.6,      2270.7,      1893.0,      6537.0,       285.0,       227.0,       119.0,      4661.0,      2216.0
     47946.2,      1640.9,      1126.0,      3842.0,       256.0,       205.0,        96.0,      2898.0,      1352.0
     13904.4,       834.7,      1085.0,       857.0,        84.0,        68.0,        32.0,       518.0,       444.0
     77470.0,      2734.4,      1703.0,      7116.0,       348.0,       270.0,       148.0,      2527.0,      2186.0
     13822.5,       869.6,      1074.0,       977.0,        84.0,        68.0,        32.0,       570.0,       434.0
      8769.9,       648.7,      2362.0,      1037.0,        49.0,        43.0,        21.0,       604.0,       366.0
     52857.2,      1430.5,      1340.0,      3420.0,       280.0,       221.0,        99.0,      2086.0,      1405.0
     24930.0,      1213.7,      1186.0,      1883.0,       126.0,       102.0,        48.0,       943.0,       808.0
    167866.0,      3891.6,      1710.0,     43192.0,       898.0,       657.0,       381.0,     39964.0,     12496.0
     16630.6,       892.0,      1004.0,       814.0,       105.0,        86.0,        38.0,       480.0,       390.0
     21966.3,      1208.7,      5730.0,      2194.0,       121.0,       101.0,        42.0,      1854.0,       809.0
     53257.4,      2250.7,      1702.0,      4046.0,       249.0,       193.0,       103.0,      1957.0,      1350.0
     85784.0,      2336.7,      1254.0,     16425.0,       465.0,       364.0,       193.0,     14554.0,      4853.0
      8264.3,       644.8,      2773.0,       881.0,        50.0,        42.0,        21.0,       675.0,       345.0
     69726.6,      3094.4,      1326.0,      6038.0,       306.0,       243.0,       134.0,      3731.0,      2652.0
    113407.0,      3950.1,      2329.0,      9892.0,       485.0,       390.0,       216.0,      6687.0,      3870.0
     27668.3,       918.7,      1926.0,      2658.0,       172.0,       132.0,        60.0,       832.0,       710.0
     45972.7,      1904.4,      2089.0,      2567.0,       244.0,       191.0,        94.0,      1809.0,      1160.0
     60942.7,      1846.3,      2776.0,      4004.0,       290.0,       225.0,       115.0,      3000.0,      1248.0
     31808.2,      1687.1,      2185.0,      2845.0,       168.0,       137.0,        66.0,      2244.0,      1067.0
     74199.3,      3083.8,      1311.0,      6684.0,       327.0,       256.0,       143.0,      1334.0,      1421.0
     29775.5,      1288.7,      1223.0,      1957.0,       156.0,       131.0,        60.0,      1358.0,      1126.0
     44966.4,      1196.0,      1387.0,      2792.0,       252.0,       198.0,        85.0,      1629.0,      1411.0
    608276.0,     11050.2,      7994.0,    174024.0,      2680.0,      1999.0,      1056.0,     94877.0,     49370.0
    860263.0,     20250.6,      4116.0,    211548.0,      4674.0,      3571.0,      2048.0,     90803.0,     78841.0
     27427.6,      1059.1,      1060.0,      1773.0,       155.0,       128.0,        57.0,      1047.0,       956.0
     30186.0,      1373.0,      1240.0,      2213.0,       164.0,       131.0,        60.0,      1353.0,      1461.0
     24781.9,      1288.5,      4690.0,      2350.0,       143.0,       116.0,        50.0,      1672.0,      1078.0
     30427.1,      1370.6,      1113.0,      1936.0,       166.0,       134.0,        62.0,      1075.0,      1191.0
    179822.0,      4326.0,      2166.0,     39887.0,       819.0,       623.0,       334.0,     36927.0,     13385.0
     16400.5,       906.7,       999.0,       774.0,       105.0,        85.0,        38.0,       444.0,       356.0
     10231.7,       533.0,      2286.0,       635.0,        63.0,        53.0,        24.0,       465.0,       329.0
   1005560.0,     19794.5,     10384.0,    254300.0,      4410.0,      3269.0,      1790.0,    103882.0,     89529.0
     58587.3,      2266.9,      1652.0,      5841.0,       274.0,       214.0,       115.0,      2770.0,      2222.0
     45505.8,      2307.7,      1287.0,      3201.0,       250.0,       200.0,        85.0,      1581.0,      1334.0
     61433.9,      2596.0,      1256.0,      6177.0,       271.0,       210.0,       113.0,      1683.0,      1441.0
    193239.0,      3441.3,      2516.0,     38694.0,       889.0,       676.0,       334.0,     16312.0,     11887.0
     54970.3,      2082.1,      1389.0,      5281.0,       261.0,       201.0,       107.0,      3263.0,      2276.0
     28765.8,      1159.5,      1558.0,      1779.0,       166.0,       129.0,        60.0,       604.0,       609.0
     20480.0,      1040.5,      3943.0,      2306.0,       119.0,       100.0,        44.0,      1952.0,       930.0
     98099.2,      4555.0,      6839.0,      7145.0,       426.0,       344.0,       165.0,      8237.0,      4633.0
     48487.9,      1320.4,      1422.0,      3801.0,       271.0,       214.0,        92.0,      2325.0,      1746.0
     48460.1,      2391.2,      2756.0,      2774.0,       252.0,       196.0,        98.0,      1369.0,      1225.0
     83492.7,      2947.2,      1745.0,      6722.0,       378.0,       289.0,       159.0,      1080.0,      1322.0
