      8179.2,       496.3,      8488.0,       817.0,        63.0,        67.0,       138.0,     11729.0,      5012.0
      9189.1,       579.4,     11643.0,      1518.0,        93.0,       220.0,       186.0,      6845.0,      7709.0
      8600.7,       582.1,      8932.0,       590.0,        52.0,        52.0,        98.0,      2370.0,      2281.0
      9800.5,       579.3,      9972.0,      1105.0,        76.0,       164.0,       189.0,      1019.0,       893.0
      8554.5,       430.5,      6252.0,       795.0,        54.0,        56.0,       128.0,       798.0,       714.0
     12602.8,       607.3,      8187.0,      1994.0,        95.0,       202.0,       195.0,      1111.0,       959.0
      8484.1,       576.9,     10782.0,      3254.0,        70.0,        71.0,       137.0,      1248.0,      1235.0
     11146.1,       557.1,      8623.0,       878.0,        75.0,        69.0,       134.0,       887.0,       793.0
     12835.8,       659.1,     12375.0,       967.0,        64.0,        61.0,        98.0,      1220.0,      1135.0
     16947.5,       619.3,     10732.0,      1082.0,       243.0,       456.0,       143.0,       917.0,       887.0
     11858.7,       511.0,      6268.0,      1163.0,        79.0,       163.0,       194.0,      4129.0,      2839.0
      9043.1,       527.8,      6169.0,      1654.0,        75.0,        75.0,       180.0,       850.0,       791.0
      9137.9,       542.2,      7000.0,       896.0,        54.0,        55.0,       128.0,       789.0,       749.0
     12123.8,       664.6,     10211.0,      1573.0,       107.0,       214.0,       162.0,      1049.0,       997.0
      9347.3,       479.7,      6695.0,      1364.0,        71.0,        77.0,       144.0,       843.0,       686.0
      9385.5,       521.3,     10360.0,       799.0,        76.0,        74.0,       107.0,      1057.0,       941.0
     12826.9,       615.5,      8632.0,      1043.0,        97.0,        91.0,       184.0,       969.0,       851.0
     15343.9,       804.6,     13475.0,      1432.0,       105.0,       230.0,       141.0,       859.0,       726.0
      8914.4,       535.7,      8798.0,      1024.0,        78.0,        74.0,       143.0,       841.0,       784.0
     11807.8,       541.2,      7820.0,       955.0,        80.0,        82.0,       178.0,       866.0,       789.0
     10730.3,       433.4,      7144.0,      1754.0,       102.0,        98.0,       178.0,       960.0,       888.0
     11932.9,       664.3,      9645.0,     17946.0,       169.0,       422.0,       129.0,      1915.0,      1406.0
      8900.7,       601.8,     12136.0,       842.0,        77.0,       155.0,       153.0,       955.0,       801.0
      8293.5,       525.7,      7277.0,      1502.0,        72.0,       156.0,       189.0,      3506.0,      2149.0
     15641.7,       778.5,     12350.0,       728.0,        83.0,        82.0,       109.0,      1132.0,       944.0
     10220.3,       591.0,      7181.0,       874.0,        86.0,        87.0,       109.0,      1167.0,      1032.0
     11243.1,       589.1,      7237.0,      1180.0,        71.0,       156.0,       185.0,      1044.0,       939.0
      8891.5,       557.8,      9056.0,      6051.0,        75.0,       151.0,       186.0,     23729.0,     20430.0
     11625.2,       599.7,      8221.0,      1081.0,        85.0,        82.0,       107.0,       832.0,       837.0
     12119.3,       549.3,      7600.0,      1199.0,        71.0,       157.0,       194.0,      1056.0,       855.0
      8587.0,       507.6,      6529.0,       960.0,        63.0,        63.0,       141.0,       834.0,       817.0
     12153.6,       582.1,      7082.0,       818.0,        87.0,        96.0,       107.0,       812.0,       736.0
      9433.3,       684.3,      7807.0,       898.0,        69.0,        68.0,       137.0,       873.0,       796.0
     11438.7,       667.6,      9814.0,      1259.0,        92.0,       188.0,       188.0,      1010.0,       958.0
      8181.0,       552.0,      6297.0,       934.0,        76.0,        71.0,       170.0,       858.0,       743.0
     14577.7,       688.5,     10168.0,       700.0,        75.0,        70.0,       104.0,       929.0,       841.0
     10980.5,       583.4,      7607.0,      1377.0,        76.0,       160.0,       189.0,      1140.0,       946.0
      9930.3,       582.3,      8201.0,      1501.0,        78.0,       180.0,       151.0,      1118.0,       841.0
      9756.0,       565.3,      7209.0,      1810.0,        94.0,       192.0,       186.0,      1049.0,       781.0
     11813.6,       525.1,      9005.0,       660.0,        49.0,        50.0,        99.0,       799.0,       721.0
     11092.5,       563.4,      6613.0,       790.0,        57.0,        56.0,       101.0,       874.0,       701.0
     14094.6,       655.0,      8479.0,       799.0,        97.0,        96.0,       110.0,       922.0,       862.0
     11805.2,       614.7,      8156.0,      1252.0,        99.0,       187.0,       185.0,       998.0,       901.0
      8944.8,       556.7,     10267.0,      2307.0,        79.0,       153.0,       194.0,     18180.0,     15692.0
     11283.5,       581.2,      9542.0,       941.0,        67.0,        68.0,       143.0,       971.0,       907.0
      9014.7,       558.5,      6977.0,      1027.0,        77.0,        74.0,       140.0,       853.0,       797.0
     10393.4,       485.7,      7112.0,      3495.0,       147.0,       133.0,       106.0,      6970.0,      4477.0
     12242.1,       500.3,      6373.0,       636.0,        51.0,        51.0,        98.0,       754.0,       692.0
      8660.0,       535.8,      6415.0,       980.0,       712.0,       702.0,       152.0,     16895.0,     15699.0
      8827.5,       628.1,      8448.0,      1239.0,        71.0,       152.0,       151.0,       956.0,       834.0
     10508.2,       541.4,      5943.0,      3481.0,       101.0,       186.0,       198.0,     58372.0,     38558.0
     12529.2,       570.4,      6776.0,       688.0,        61.0,        60.0,       100.0,      1524.0,      1368.0
      8327.0,       516.0,      5933.0,       713.0,        55.0,        55.0,        97.0,       804.0,       768.0
     11407.5,       779.5,      9118.0,       826.0,        80.0,        77.0,       131.0,       871.0,       902.0
     12435.0,       529.9,      6619.0,       986.0,        82.0,        83.0,       176.0,      1054.0,       845.0
      9118.4,       565.2,      8869.0,       849.0,        84.0,        84.0,       146.0,       974.0,       838.0
     12299.4,       650.3,     13286.0,      1496.0,       113.0,       284.0,       141.0,       814.0,       810.0
      9546.3,       571.1,      7783.0,       812.0,        88.0,        88.0,       109.0,       929.0,       881.0
     11401.8,       661.9,     13967.0,      1495.0,        84.0,       192.0,       193.0,      1098.0,       959.0
     10116.9,       558.1,      6730.0,       997.0,        70.0,        72.0,       143.0,       848.0,       787.0
      7616.1,       523.1,      9892.0,       957.0,        55.0,        57.0,       126.0,       873.0,       750.0
     13793.4,       710.2,      9229.0,       724.0,        69.0,        62.0,       103.0,       928.0,       789.0
      8571.5,       534.6,      9331.0,      7904.0,       130.0,       214.0,       192.0,      1555.0,       950.0
     12568.0,       595.6,     12278.0,      1907.0,        82.0,       171.0,       189.0,      1107.0,       954.0
      8508.4,       499.3,     10323.0,       616.0,        56.0,        56.0,        96.0,       974.0,       879.0
     13147.7,       624.9,     10944.0,      1316.0,       105.0,       223.0,       131.0,       873.0,       749.0
     11040.3,       578.8,      7428.0,      1309.0,        76.0,       156.0,       186.0,       969.0,       831.0
     10042.2,       491.9,      6779.0,       639.0,        52.0,        53.0,        97.0,       788.0,       702.0
     10848.6,       620.7,      7432.0,       784.0,        73.0,        71.0,       137.0,       942.0,       865.0
     13091.5,       571.7,      7867.0,       850.0,        69.0,        69.0,       141.0,       897.0,       851.0
     12643.7,       780.5,      7425.0,       823.0,       105.0,        98.0,       112.0,       908.0,       847.0
     10964.8,       569.6,      9743.0,      1566.0,        78.0,       155.0,       178.0,      1032.0,       973.0
     10384.9,       630.8,      9056.0,       983.0,        96.0,        89.0,       141.0,       907.0,       888.0
     10315.6,       561.1,      6956.0,      1302.0,        80.0,       155.0,       157.0,     15842.0,     13023.0
      9439.5,       506.5,     10014.0,       894.0,        80.0,        75.0,        96.0,       796.0,       725.0
     12374.4,       605.2,      6475.0,       634.0,        55.0,        54.0,        98.0,       837.0,       645.0
     11959.6,       547.7,      6600.0,      1140.0,        81.0,       149.0,       153.0,      1580.0,      1207.0
     10896.3,       867.6,     11246.0,       707.0,        77.0,        72.0,       104.0,      1134.0,       929.0
      9056.6,       549.2,      8193.0,       728.0,        51.0,        52.0,       100.0,       841.0,       779.0
      8909.8,       575.5,     10907.0,       857.0,        73.0,        72.0,       138.0,      1167.0,       810.0
      9619.4,       624.0,      8414.0,      1245.0,       118.0,       233.0,       191.0,       984.0,       918.0
     13974.5,       801.3,     12342.0,      1908.0,       102.0,       220.0,       128.0,       874.0,       753.0
      8577.4,       567.5,      6424.0,       959.0,        93.0,        79.0,       142.0,       954.0,       865.0
      7609.7,       349.2,      5710.0,      1097.0,        65.0,        65.0,       135.0,       726.0,       656.0
      8390.2,       547.3,      6075.0,      1099.0,        81.0,       185.0,       191.0,      2708.0,      2306.0
     11049.5,       534.1,      6465.0,       817.0,        49.0,        50.0,        96.0,       735.0,       696.0
     12174.0,       517.7,      8977.0,       952.0,        70.0,        71.0,       171.0,       971.0,       990.0
      8713.5,       701.6,      9721.0,      1332.0,        72.0,       149.0,       190.0,      1069.0,       910.0
     11687.8,       758.2,     10796.0,      2749.0,       245.0,       365.0,       145.0,      2049.0,      1052.0
     12122.6,       611.4,     10744.0,      1501.0,        82.0,       198.0,       195.0,      1163.0,       933.0
     13499.2,       615.9,      6833.0,     24675.0,        71.0,        67.0,        98.0,      5596.0,      4171.0
     13472.5,       451.6,      7533.0,       838.0,        92.0,        93.0,       141.0,      1107.0,      1004.0
     11949.5,       566.6,      9959.0,      1042.0,        90.0,        81.0,       135.0,      1391.0,      1072.0
      8051.6,       542.4,      8253.0,       979.0,        80.0,        77.0,       175.0,       910.0,       904.0
      8687.1,       526.2,      6848.0,       872.0,        60.0,        62.0,       135.0,      1202.0,      1121.0
      8508.5,       516.7,      6273.0,      5884.0,        70.0,        71.0,       168.0,     34970.0,     17896.0
      8291.7,       577.9,      8277.0,      1046.0,        83.0,        87.0,       176.0,      1006.0,       941.0
     12860.1,       515.6,      6933.0,      1071.0,        81.0,        77.0,       108.0,       777.0,       722.0
     10560.7,       622.3,      8814.0,       657.0,        81.0,        69.0,        97.0,      1216.0,      1256.0
      8538.7,       515.5,      7277.0,       596.0,        52.0,        52.0,        96.0,       799.0,       703.0
