    116797.0,      3731.4,      7923.0,      7063.0,       603.0,       482.0,       243.0,      4666.0,      2885.0
     60624.0,      2586.8,     15770.0,      5154.0,       328.0,       282.0,       125.0,      3345.0,      2876.0
    107235.0,      4464.3,      8438.0,      4978.0,       559.0,       452.0,       212.0,      4090.0,      1999.0
    189274.0,      5735.7,     26841.0,     10020.0,       925.0,       761.0,       326.0,      6468.0,      4084.0
    165352.0,      5840.2,      6839.0,      9891.0,       815.0,       630.0,       319.0,      6722.0,      3705.0
     72250.8,      2879.0,      6967.0,      3578.0,       378.0,       313.0,       147.0,      2377.0,      1488.0
     56355.2,      2274.4,      7137.0,      2288.0,       304.0,       243.0,       116.0,      1466.0,      1054.0
     70986.7,      2685.1,      8254.0,      2859.0,       386.0,       303.0,       151.0,      2169.0,      1368.0
     31955.1,      2011.5,     13698.0,      1326.0,       161.0,       140.0,        67.0,       616.0,       575.0
    130705.0,      5144.1,      8384.0,      6932.0,       642.0,       524.0,       271.0,      5095.0,      2819.0
     55469.7,      4339.7,     17301.0,      2871.0,       314.0,       259.0,       116.0,      2269.0,      1179.0
     40421.7,      1676.1,      7146.0,      1612.0,       248.0,       196.0,        91.0,       788.0,       686.0
    230914.0,      9894.9,     15762.0,      9412.0,      1143.0,       860.0,       408.0,      3455.0,      3574.0
    246228.0,      8600.7,      6707.0,     29351.0,      1170.0,       883.0,       448.0,     11834.0,     11056.0
     45748.9,      1971.1,      6786.0,      2427.0,       241.0,       199.0,        93.0,      1130.0,       938.0
     29244.9,      1426.8,      6994.0,      1122.0,       177.0,       137.0,        67.0,       669.0,       574.0
     67287.7,      1925.2,     17266.0,      2921.0,       373.0,       311.0,       133.0,      1992.0,      1127.0
     31169.8,      1466.2,     14235.0,      1292.0,       175.0,       142.0,        68.0,       723.0,       719.0
    323969.0,      8050.7,     12530.0,     24295.0,      1385.0,      1096.0,       612.0,     13674.0,      9276.0
     48377.7,      3761.5,     15331.0,      2539.0,       275.0,       217.0,        98.0,      1387.0,       914.0
    191892.0,      6383.7,      9384.0,     14241.0,       865.0,       679.0,       360.0,      6614.0,      4095.0
    150744.0,      4130.3,      6922.0,     16447.0,       747.0,       556.0,       285.0,      3657.0,      3479.0
    103295.0,      3804.6,      8931.0,      4152.0,       526.0,       432.0,       193.0,      2873.0,      1959.0
    270803.0,     15329.4,      6587.0,     60849.0,      1210.0,       909.0,       473.0,     47592.0,     18908.0
    286331.0,     13610.6,      6526.0,     60528.0,      1341.0,       970.0,       510.0,     15315.0,     13766.0
    356776.0,     13157.6,      6447.0,     37420.0,      1523.0,      1182.0,       614.0,     16932.0,     14756.0
     72800.0,      2786.6,      7414.0,      3125.0,       380.0,       310.0,       143.0,       992.0,      1107.0
     39090.5,      1781.0,     10163.0,      1253.0,       222.0,       194.0,        87.0,       868.0,       874.0
         nan,    173406.7,     27526.0,   1418258.0,     34430.0,     26436.0,     10593.0,   1263711.0,    405152.0
     41449.6,      1681.3,     16089.0,      1099.0,       218.0,       182.0,        81.0,       924.0,       679.0
     47698.3,      1919.0,      6888.0,      2037.0,       268.0,       209.0,        98.0,      1356.0,       889.0
     83683.1,      3451.0,      9086.0,      3456.0,       434.0,       359.0,       168.0,      2349.0,      1886.0
     38762.1,      1674.7,      7108.0,      1070.0,       230.0,       185.0,        83.0,       548.0,       680.0
     49656.3,      2193.5,      7345.0,      2265.0,       286.0,       226.0,       108.0,      1767.0,      1235.0
    104815.0,      3939.9,      7641.0,      7151.0,       536.0,       444.0,       202.0,      1764.0,      1469.0
     53502.9,      2675.5,      8712.0,      1950.0,       335.0,       266.0,       117.0,       789.0,       854.0
    131140.0,      5561.5,      8412.0,      8077.0,       676.0,       530.0,       247.0,      5685.0,      4121.0
     68670.2,      3066.9,      7361.0,      3086.0,       396.0,       313.0,       143.0,      1594.0,      1592.0
     56133.8,      1821.3,     13605.0,      2984.0,       293.0,       256.0,       112.0,      1383.0,      1112.0
     64726.4,      2778.7,      7177.0,      2168.0,       355.0,       292.0,       138.0,      1348.0,      1177.0
     49117.0,      2110.0,      7291.0,      2276.0,       267.0,       229.0,       100.0,      1073.0,      1160.0
    163702.0,      4065.4,      7584.0,      9059.0,       732.0,       580.0,       283.0,      7109.0,      3613.0
     31344.1,      2316.7,     12856.0,      1308.0,       162.0,       137.0,        66.0,       730.0,       612.0
    131323.0,      5067.4,      8856.0,      4293.0,       631.0,       504.0,       234.0,      1749.0,      1939.0
     61233.5,      2230.0,     14608.0,      2150.0,       319.0,       274.0,       118.0,       958.0,       946.0
     61124.3,      2659.3,      7498.0,      2688.0,       336.0,       281.0,       123.0,      1968.0,      1326.0
    199994.0,      4909.5,      8455.0,     31243.0,       886.0,       694.0,       348.0,     29305.0,      9982.0
    839360.0,     18432.9,      8274.0,    103847.0,      3568.0,      2679.0,      1431.0,     45142.0,     42604.0
     82863.0,      3409.8,      8051.0,      4161.0,       418.0,       339.0,       159.0,      2269.0,      1710.0
     50143.2,      2204.0,      7167.0,      2143.0,       278.0,       226.0,       105.0,      1221.0,      1097.0
    107305.0,      3776.1,      7568.0,      5410.0,       522.0,       422.0,       210.0,      2331.0,      2016.0
     57625.4,      2372.3,      7325.0,      2415.0,       305.0,       257.0,       117.0,      1409.0,      1310.0
     76100.6,      2732.8,      6834.0,      3335.0,       390.0,       314.0,       155.0,      1546.0,      1090.0
    104924.0,      3852.2,      7564.0,      6300.0,       514.0,       397.0,       200.0,      1796.0,      2037.0
    128557.0,      6255.3,      8384.0,      8598.0,       602.0,       471.0,       229.0,      3263.0,      4004.0
     51332.3,      2080.7,     10950.0,      3026.0,       264.0,       229.0,       109.0,      1972.0,      1813.0
     69778.7,      2653.5,     23787.0,      4586.0,       344.0,       305.0,       133.0,      2066.0,      1914.0
     31383.0,      2478.2,     11921.0,      1367.0,       177.0,       147.0,        68.0,      1219.0,       649.0
    126277.0,      4276.0,      8117.0,      6884.0,       625.0,       508.0,       251.0,      1968.0,      1744.0
     34337.0,      1653.6,     14256.0,      1502.0,       211.0,       174.0,        77.0,       847.0,       689.0
         nan,    168040.4,     36110.0,   1473464.0,     32030.0,     24605.0,     10320.0,   1389327.0,    402963.0
   1117310.0,     25809.4,     14159.0,    211358.0,      4680.0,      3583.0,      1927.0,    145452.0,     57122.0
     36596.4,      1701.7,      7715.0,      1785.0,       219.0,       183.0,        87.0,       884.0,       926.0
    104496.0,      3911.6,      7565.0,      6418.0,       527.0,       425.0,       208.0,      4540.0,      2989.0
     62465.6,      3469.9,     10599.0,      2180.0,       341.0,       285.0,       131.0,      1413.0,      1247.0
     35856.4,      1217.6,     13552.0,      1721.0,       200.0,       167.0,        74.0,       762.0,       672.0
     81209.2,      3867.8,      6451.0,      4480.0,       450.0,       378.0,       169.0,      1619.0,      1596.0
         nan,     62861.8,     17962.0,    475734.0,     11519.0,      8788.0,      4795.0,    182609.0,    165676.0
     96137.6,      3877.8,     11137.0,      5709.0,       485.0,       395.0,       196.0,      1841.0,      1505.0
    172767.0,      4441.2,      8324.0,     24985.0,       819.0,       628.0,       315.0,     17554.0,     10185.0
    101301.0,      4866.3,      8214.0,      5138.0,       501.0,       397.0,       190.0,      2606.0,      2030.0
     27475.1,      2419.0,     12802.0,       893.0,       159.0,       129.0,        62.0,       590.0,       590.0
     74253.0,      2743.1,      6801.0,      5641.0,       365.0,       302.0,       151.0,      3890.0,      3424.0
     99379.9,      3509.2,      7798.0,      8247.0,       480.0,       375.0,       187.0,      5329.0,      3068.0
    307012.0,     11781.1,      6728.0,     43221.0,      1337.0,      1045.0,       551.0,     37034.0,     13182.0
    349822.0,     15546.0,      8918.0,     22820.0,      1590.0,      1203.0,       606.0,      8320.0,      6971.0
    117154.0,      8160.0,     24231.0,      7521.0,       592.0,       468.0,       213.0,      6014.0,      3066.0
    353619.0,      8454.4,      8796.0,     47789.0,      1575.0,      1179.0,       622.0,     21842.0,     17486.0
     40352.9,      1714.9,      7376.0,      1567.0,       239.0,       191.0,        86.0,       597.0,       848.0
    106190.0,      3664.4,      8787.0,      6182.0,       537.0,       439.0,       208.0,      2939.0,      3467.0
     55273.2,      2118.8,     17750.0,      3501.0,       311.0,       257.0,       113.0,      2731.0,      1705.0
     77752.0,      3211.9,      8098.0,      2924.0,       409.0,       328.0,       157.0,      1300.0,      1183.0
     45168.7,      1846.6,     16531.0,      2415.0,       243.0,       202.0,        95.0,      1805.0,      1100.0
     59346.2,      2420.7,      7220.0,      1877.0,       319.0,       250.0,       118.0,       948.0,      1003.0
     61587.4,      2141.0,      6733.0,      5342.0,       335.0,       274.0,       126.0,      4426.0,      2182.0
     47132.0,      2238.9,      7326.0,      1913.0,       284.0,       224.0,       106.0,      1380.0,      1013.0
     72657.5,      4434.7,     19481.0,      4149.0,       407.0,       344.0,       151.0,      2778.0,      2218.0
     94622.0,      2986.7,      6910.0,      4373.0,       540.0,       443.0,       194.0,      1925.0,      2073.0
    695456.0,     18439.6,     75106.0,     46674.0,      3351.0,      2683.0,      1189.0,     10811.0,     11866.0
    120571.0,      3399.3,      7009.0,     10167.0,       575.0,       471.0,       244.0,      7047.0,      7383.0
    138750.0,      8699.5,     17021.0,      7549.0,       718.0,       576.0,       263.0,      2445.0,      2595.0
    106566.0,      3193.9,      7102.0,      4644.0,       533.0,       445.0,       212.0,      2056.0,      2238.0
         nan,    164045.2,     33302.0,   1043281.0,     37461.0,     28540.0,     12090.0,    356555.0,    367037.0
    394845.0,      9039.5,      7603.0,     37078.0,      1802.0,      1393.0,       709.0,     21334.0,     15111.0
    265551.0,     12766.3,      9176.0,     36589.0,      1267.0,       926.0,       476.0,      5569.0,      4372.0
     89093.7,      3278.9,     10058.0,      4154.0,       443.0,       364.0,       173.0,      2941.0,      1425.0
    111201.0,      5250.7,      9209.0,      4515.0,       626.0,       505.0,       232.0,      2421.0,      2630.0
    460707.0,     16647.4,     14857.0,     32417.0,      2100.0,      1639.0,       859.0,     14942.0,     13892.0
    322541.0,     14541.9,      8530.0,     18683.0,      1531.0,      1166.0,       580.0,      7843.0,      5686.0
     36073.6,      1816.9,     16362.0,      1527.0,       210.0,       165.0,        77.0,       976.0,       927.0
