      7358.2,      1947.2,      2986.0,      7544.0,        57.0,        46.0,        45.0,      3702.0,      4573.0
         nan,         nan,         nan,     48186.0,         nan,       795.0,       436.0,    125082.0,    212342.0
    417137.0,     20554.0,     32366.0,     13479.0,         nan,      3429.0,      1194.0,      5553.0,     11740.0
      8144.2,      2298.5,      2949.0,      5356.0,        52.0,        41.0,        42.0,      2527.0,      4263.0
      5499.5,      1006.0,      1160.0,      2693.0,       139.0,        93.0,        90.0,      2245.0,      3077.0
      5777.9,      2417.2,     28188.0,      6302.0,         nan,        81.0,        71.0,      2588.0,      2947.0
     12640.2,      2482.9,      4683.0,      6642.0,       166.0,        95.0,        60.0,      3388.0,      5018.0
      4919.4,      1020.9,      1974.0,      5597.0,         nan,        32.0,        32.0,      1895.0,      3294.0
      7084.6,      1557.7,      3305.0,      6321.0,       104.0,        72.0,        75.0,      3396.0,      5896.0
    149156.0,     10660.4,     23102.0,      6725.0,         nan,      1043.0,       362.0,      3754.0,      6299.0
         nan,         nan,         nan,         nan,         nan,         nan,         nan,         nan,         nan
      9750.2,      2843.1,    231551.0,      5988.0,         nan,       109.0,        91.0,      2123.0,      2541.0
     10463.9,      3145.3,     28340.0,      5238.0,         nan,        61.0,        42.0,      1778.0,      2112.0
      8155.6,      1853.3,      4264.0,      7035.0,       111.0,        74.0,        67.0,      3119.0,      3484.0
    407849.0,    217710.0,    426551.0,     18387.0,         nan,       580.0,       207.0,     11989.0,     17034.0
      4339.9,       505.8,       893.0,      5825.0,         nan,        24.0,        24.0,      2401.0,      2564.0
      9933.5,      1304.0,      4178.0,      7558.0,         nan,       125.0,        92.0,      4532.0,      5357.0
      4275.5,      1016.6,      1069.0,      6761.0,         nan,        67.0,        65.0,      3532.0,      5099.0
    486963.0,     48366.6,    110523.0,     40838.0,      4010.0,      2809.0,      1004.0,     20883.0,     40805.0
      4650.5,      1368.9,    228488.0,      4035.0,         nan,        94.0,        82.0,      1446.0,      1912.0
      5434.7,      1342.9,      3034.0,      5873.0,         nan,        37.0,        36.0,      1966.0,      3043.0
    390153.0,     15642.1,    279390.0,     20610.0,      4745.0,      2467.0,       829.0,     21309.0,     31680.0
      5437.0,      1491.9,     18435.0,      7030.0,       127.0,        84.0,        86.0,      4184.0,      5290.0
      6230.7,      1043.2,    464802.0,      7861.0,       187.0,       125.0,       118.0,      4769.0,      5652.0
      4100.9,       589.1,      1070.0,      1913.0,       114.0,        87.0,        82.0,      1875.0,      2143.0
     17967.1,      5942.3,    191502.0,      4806.0,         nan,        82.0,        78.0,      1800.0,      2836.0
      7999.1,      1074.7,      9841.0,      6084.0,       142.0,        81.0,        75.0,      2606.0,      3261.0
      6008.9,      1161.0,      1702.0,      6970.0,        68.0,        44.0,        44.0,      2995.0,      4243.0
    222853.0,     53026.8,    288656.0,     22461.0,      1984.0,      1263.0,       428.0,     16333.0,     29991.0
      3300.7,       566.8,       924.0,      1352.0,        39.0,        29.0,        30.0,      1166.0,      1489.0
      4165.0,       874.3,      1403.0,      1833.0,        41.0,        37.0,        38.0,      1760.0,      2587.0
      4382.9,      1098.5,       993.0,      3687.0,        40.0,        38.0,        38.0,      2256.0,      2301.0
      5533.1,      1800.1,      3241.0,      7970.0,       135.0,        95.0,        88.0,      4375.0,      4871.0
    226545.0,     58655.1,    199727.0,     21064.0,      2346.0,      1351.0,       475.0,     16244.0,     27506.0
    191132.0,     40305.0,    491784.0,     19873.0,      1789.0,      1163.0,       420.0,     14479.0,     25418.0
     32288.2,     11657.8,    472019.0,      6968.0,         nan,       217.0,       116.0,      3217.0,      4970.0
         nan,    112348.5,    416183.0,     63485.0,         nan,     29131.0,     10541.0,     55383.0,     93895.0
    244277.0,     53851.7,    286970.0,     21138.0,      2671.0,      1398.0,       461.0,     19446.0,     26531.0
      6692.4,      1273.5,    465808.0,      7854.0,       214.0,       137.0,       129.0,      4753.0,      5197.0
     10233.5,       742.4,      1357.0,      5755.0,        47.0,        47.0,        45.0,      2379.0,      2450.0
      8493.7,      1846.8,      2868.0,      9254.0,       141.0,       113.0,        97.0,      4313.0,      4605.0
      5098.6,       908.9,      1060.0,      3221.0,       126.0,       130.0,        81.0,      2292.0,      3166.0
    425301.0,     56227.4,    286509.0,     37956.0,      4267.0,      2473.0,       850.0,     22574.0,     49848.0
     11464.7,      2844.8,     27902.0,      6037.0,         nan,       101.0,        74.0,      2527.0,      3494.0
     12021.6,      1902.3,      4514.0,      8407.0,       144.0,       120.0,        88.0,      4261.0,      5995.0
    118578.0,      9268.1,      6968.0,      8103.0,         nan,      1006.0,       339.0,      3325.0,      5992.0
         nan,         nan,         nan,         nan,         nan,         nan,         nan,         nan,         nan
         nan,         nan,         nan,         nan,         nan,         nan,         nan,         nan,         nan
         nan,         nan,         nan,         nan,         nan,         nan,         nan,         nan,         nan
         nan,         nan,         nan,         nan,         nan,         nan,         nan,         nan,         nan
     12640.0,      2610.1,      5044.0,      7019.0,        71.0,        58.0,        50.0,      3400.0,      3856.0
      7575.2,      1406.8,      2909.0,      6533.0,         nan,        64.0,        51.0,      2790.0,      3552.0
         nan,         nan,         nan,         nan,         nan,         nan,   1032073.0,         nan,         nan
    436416.0,    233049.1,    419376.0,     19170.0,         nan,       398.0,       153.0,     10930.0,     16642.0
      4827.7,      1302.7,      2548.0,      8954.0,         nan,        83.0,        77.0,      4125.0,      4424.0
      7577.0,      1585.0,     28994.0,      6891.0,         nan,        56.0,        49.0,      2409.0,      2461.0
         nan,         nan,         nan,         nan,         nan,         nan,         nan,         nan,         nan
      6975.9,      1640.1,      3303.0,      7191.0,         nan,        76.0,        74.0,      3987.0,      4097.0
    369132.0,     47693.1,    635388.0,      6008.0,       616.0,       268.0,        81.0,      3322.0,      4992.0
      6026.7,      1181.3,      3796.0,      8711.0,        67.0,        52.0,        48.0,      3864.0,      4556.0
     16568.5,      1993.0,      6134.0,      8081.0,       457.0,       172.0,        93.0,      4320.0,      5435.0
     37004.9,      3718.9,      9742.0,      5737.0,         nan,       369.0,       136.0,      3449.0,      4432.0
      4261.3,       593.9,       917.0,      5698.0,         nan,        44.0,        47.0,      1656.0,      1802.0
         nan,         nan,         nan,         nan,         nan,         nan,         nan,         nan,         nan
     21095.5,      2098.5,    239090.0,      7964.0,       326.0,       216.0,       130.0,      3427.0,      3736.0
    310709.0,     17060.8,     73356.0,     12043.0,      1535.0,       699.0,       247.0,      4310.0,      6218.0
     12379.8,      4604.7,     40983.0,      6265.0,         nan,        93.0,        80.0,      2655.0,      6233.0
     32826.0,      9940.7,     20685.0,      9425.0,       279.0,       166.0,       139.0,      5189.0,      6109.0
      5018.5,      1415.5,      1920.0,      9021.0,         nan,        77.0,        77.0,      3992.0,      5357.0
     11072.1,      1945.4,      3871.0,      6844.0,         nan,        73.0,        53.0,      3239.0,      3297.0
    409785.0,     55738.5,    285634.0,     40549.0,      4281.0,      2358.0,       851.0,     21611.0,     45644.0
    208260.0,     40119.7,    101364.0,     40490.0,      1636.0,      1159.0,       424.0,     18109.0,     32198.0
      5649.6,      1038.7,     19747.0,      4915.0,         nan,        68.0,        71.0,      1883.0,      2318.0
    430228.0,    161021.7,    354259.0,     35771.0,         nan,       950.0,       370.0,     16909.0,     24681.0
      6922.4,       967.6,      7550.0,      7207.0,       136.0,        97.0,        98.0,      3268.0,      4295.0
      4607.4,       692.5,       969.0,      6283.0,         nan,        60.0,        57.0,      1982.0,      2761.0
     10088.3,      2045.9,      3250.0,      7610.0,         nan,        84.0,        72.0,      3295.0,      3870.0
      8302.2,      1285.1,      3849.0,      9273.0,        64.0,        55.0,        51.0,      4198.0,      6001.0
     28666.7,      2502.4,     14097.0,      6170.0,         nan,        50.0,        32.0,      2169.0,      3450.0
    375275.0,    233197.6,    534908.0,     27137.0,         nan,         nan,       209.0,      8575.0,     19860.0
         nan,         nan,         nan,         nan,         nan,         nan,         nan,         nan,         nan
      3205.7,       586.2,       920.0,      5390.0,         nan,        51.0,        49.0,      1522.0,      1572.0
      4446.4,       731.9,      1059.0,      1806.0,       114.0,        66.0,        63.0,      1776.0,      1708.0
      3829.1,       786.0,      1072.0,      7281.0,         nan,        90.0,        91.0,      2659.0,      3160.0
      6486.1,      1400.5,      2547.0,     10416.0,       121.0,        91.0,        81.0,      4419.0,      4871.0
     10187.6,      3546.3,     31698.0,      8088.0,       125.0,        91.0,        90.0,      4175.0,      5283.0
      5754.5,       533.7,      1351.0,      5411.0,         nan,        37.0,        39.0,      2482.0,      2609.0
      7611.1,      1168.8,      2663.0,      7967.0,         nan,        43.0,        41.0,      3316.0,      3789.0
      4359.2,       816.4,      1077.0,      2140.0,        79.0,        67.0,        66.0,      2043.0,      2048.0
      7027.7,      1200.1,      4565.0,      9122.0,        95.0,        65.0,        56.0,      3713.0,      4144.0
      4987.8,      1040.3,      1539.0,      6069.0,         nan,        67.0,        62.0,      2064.0,      2298.0
     28586.9,     12151.3,     22021.0,      7514.0,       115.0,        84.0,        65.0,      3474.0,      3996.0
    490473.0,     96676.3,    314178.0,     21080.0,      4493.0,      3054.0,      1003.0,     16559.0,     24991.0
      5190.2,       837.3,      1790.0,      5916.0,         nan,        63.0,        66.0,      2139.0,      2508.0
    951077.0,    114518.8,    310496.0,     56791.0,      8950.0,      5648.0,      1987.0,     33224.0,     59116.0
      6469.2,      1135.5,      3674.0,      8571.0,        95.0,        70.0,        66.0,      3705.0,      4164.0
      5830.0,      1269.5,      7457.0,      5399.0,         nan,        91.0,        83.0,      1837.0,      1954.0
         nan,         nan,         nan,    202582.0,         nan,         nan,      4525.0,    119755.0,    309750.0
      9401.0,      2069.6,      2785.0,      5652.0,         nan,        38.0,        33.0,      2403.0,      3039.0
      5216.7,       811.1,      1009.0,      2034.0,        84.0,        65.0,        62.0,      1913.0,      2151.0
