      1312.4,       189.9,      1267.0,      6648.0,         nan,        27.0,        29.0,      1101.0,      1785.0
      2609.4,       228.6,      3238.0,      6611.0,         nan,        27.0,        28.0,      1075.0,      1718.0
     20934.9,       623.4,     29204.0,      3288.0,        39.0,        35.0,        39.0,      1316.0,      1890.0
       493.4,        75.4,       175.0,      2385.0,        19.0,        19.0,        21.0,       258.0,       326.0
       340.2,        69.4,      3729.0,       456.0,        21.0,        23.0,        21.0,       337.0,       394.0
       609.6,       143.3,      3813.0,       833.0,         nan,        21.0,        19.0,       496.0,       725.0
    168172.0,       244.3,     12557.0,      7229.0,        43.0,        40.0,        41.0,      1657.0,      2528.0
    746746.0,       495.5,    245631.0,      7658.0,        49.0,        51.0,        44.0,      1694.0,      1666.0
    748117.0,       663.1,    258742.0,      7118.0,        61.0,        61.0,        44.0,      1791.0,      1597.0
      1284.5,       284.5,      1029.0,     11578.0,         nan,        26.0,        28.0,      1024.0,      1061.0
         nan,    143426.5,    232650.0,    549008.0,     35834.0,     31428.0,     10541.0,    415114.0,    184488.0
         nan,     56072.8,    297765.0,    253532.0,     14416.0,     12982.0,      6951.0,    192241.0,     94791.0
         nan,    152916.5,    239864.0,    702442.0,     36169.0,     32847.0,     10572.0,    448496.0,    182274.0
       484.2,        57.6,       166.0,       650.0,         nan,        17.0,        17.0,       244.0,       279.0
       487.0,        55.7,       172.0,       679.0,         nan,        17.0,        17.0,       267.0,       288.0
       672.2,       108.5,       217.0,       802.0,         nan,        14.0,        15.0,       409.0,       478.0
       483.6,       107.4,      3894.0,      1026.0,         nan,        17.0,        16.0,       450.0,       530.0
       659.7,       107.7,       177.0,       808.0,         nan,        14.0,        15.0,       478.0,       544.0
      4819.1,       246.8,     52652.0,      5740.0,        44.0,        43.0,        41.0,      1902.0,      1855.0
   1143300.0,      8688.8,     84911.0,     80182.0,      2621.0,      1819.0,       612.0,     50746.0,     61259.0
    991721.0,     13152.1,         nan,     31982.0,       804.0,       631.0,       141.0,     24019.0,     12898.0
     22854.4,       996.1,      6231.0,      4696.0,        62.0,        54.0,        50.0,      1280.0,      1228.0
     21622.6,       739.7,     36702.0,      4892.0,        62.0,        54.0,        50.0,      1410.0,      1228.0
    516404.0,      1055.3,     15454.0,      4794.0,        88.0,        70.0,        43.0,      2134.0,      1898.0
       612.9,       109.1,       255.0,       667.0,         nan,        16.0,        18.0,       414.0,       497.0
       640.6,       139.0,       162.0,       740.0,         nan,        13.0,        15.0,       447.0,       524.0
   1078460.0,      1815.4,     76984.0,      9479.0,        72.0,        61.0,        43.0,      2622.0,      2353.0
   1053470.0,      1609.4,    491518.0,     10262.0,        73.0,        62.0,        43.0,      2728.0,      2262.0
    623405.0,     11358.3,     15924.0,     47277.0,      1558.0,      1275.0,       768.0,     25742.0,     12798.0
    610143.0,      9970.4,     16773.0,     30999.0,      1554.0,      1283.0,       765.0,     21495.0,     11442.0
    623948.0,     11621.1,     13610.0,     47298.0,      1553.0,      1290.0,       769.0,     26724.0,     12990.0
    623274.0,     10192.6,     17213.0,     36078.0,      1556.0,      1289.0,       771.0,     22837.0,     11541.0
   1035310.0,      8618.6,    158009.0,    165204.0,      3616.0,      2969.0,      1586.0,    128565.0,     93015.0
         nan,    373115.6,   1200284.0,         nan,   1250211.0,   1024935.0,    263504.0,         nan,         nan
         nan,    366525.5,   1096936.0,         nan,   1259015.0,   1024533.0,    262299.0,         nan,         nan
         nan,      6434.8,    248748.0,         nan,    105930.0,     67992.0,     43694.0,   1543690.0,         nan
         nan,         nan,         nan,         nan,         nan,         nan,         nan,         nan,         nan
         nan,      6505.6,    222683.0,         nan,    105945.0,     68210.0,     43730.0,   1601189.0,         nan
         nan,         nan,         nan,         nan,         nan,         nan,         nan,         nan,         nan
         nan,         nan,         nan,         nan,         nan,         nan,         nan,         nan,         nan
         nan,         nan,         nan,         nan,         nan,         nan,         nan,         nan,         nan
         nan,         nan,         nan,         nan,         nan,         nan,         nan,         nan,         nan
         nan,         nan,         nan,         nan,         nan,         nan,         nan,         nan,         nan
         nan,     25867.9,    362953.0,     28665.0,      1764.0,      1577.0,       721.0,     11755.0,      7907.0
         nan,         nan,         nan,         nan,    173331.0,    148457.0,     76433.0,         nan,    845077.0
   1366770.0,    151445.1,     27141.0,    104821.0,      7312.0,      6061.0,      3532.0,    189520.0,    126559.0
     30466.2,      2663.7,      5874.0,     11250.0,       157.0,       128.0,        76.0,      3261.0,      2333.0
    773819.0,      6692.6,     19799.0,     28446.0,      1101.0,       907.0,       505.0,     16791.0,     10650.0
         nan,         nan,         nan,         nan,         nan,         nan,         nan,         nan,         nan
    802531.0,      6725.6,     21338.0,     25790.0,      1107.0,       911.0,       505.0,     15781.0,     11534.0
    286635.0,      5197.2,     39177.0,     73716.0,       735.0,       556.0,       286.0,     39725.0,     28914.0
         nan,    667839.3,    450909.0,         nan,         nan,         nan,    494777.0,         nan,         nan
         nan,    192645.6,    337200.0,   1640780.0,     93598.0,     81765.0,     49479.0,   1105381.0,    615665.0
    124083.0,     12011.9,     65498.0,      7321.0,       226.0,       186.0,        67.0,      3529.0,      2408.0
         nan,     22750.6,    155273.0,         nan,     95464.0,     59404.0,      9403.0,         nan,         nan
         nan,     60834.1,    116351.0,     33572.0,      2555.0,      2054.0,       863.0,     26213.0,     19356.0
     10750.1,       168.9,       721.0,     13329.0,        37.0,        34.0,        37.0,      1246.0,      1418.0
         nan,         nan,         nan,         nan,         nan,         nan,         nan,         nan,         nan
     55479.6,      9300.4,     53177.0,      8906.0,       162.0,       141.0,        83.0,     10577.0,      7246.0
    176424.0,     12625.6,      8290.0,     31926.0,       133.0,       103.0,        79.0,     18187.0,     14037.0
      2109.6,       208.7,      3691.0,      5946.0,         nan,        34.0,        37.0,      1608.0,      1487.0
         nan,       310.1,     22605.0,     12377.0,        44.0,        42.0,        67.0,      1899.0,      1737.0
      5298.2,       224.5,      6193.0,     12275.0,         nan,        33.0,        36.0,      1456.0,      1454.0
         nan,         nan,   1607151.0,   1729892.0,     27503.0,     20123.0,      6349.0,   1768751.0,   1047935.0
    876097.0,     42389.8,    247710.0,     33451.0,      1761.0,      1444.0,       720.0,     16915.0,      8850.0
     19402.0,       514.8,      3385.0,      6210.0,        36.0,        36.0,        40.0,      1375.0,      1400.0
      7740.7,       268.7,       518.0,     11899.0,         nan,        37.0,        40.0,      1394.0,      1402.0
         nan,     90905.9,     76318.0,    659182.0,      9049.0,      6426.0,     24546.0,    522380.0,    304128.0
         nan,         nan,         nan,         nan,         nan,         nan,    397697.0,         nan,         nan
         nan,         nan,         nan,         nan,         nan,         nan,         nan,         nan,         nan
         nan,     22936.6,    207376.0,         nan,     95729.0,     60298.0,      9480.0,         nan,         nan
   1380740.0,     19299.4,    318012.0,     40351.0,      1668.0,      1401.0,       313.0,     29336.0,     17071.0
    246184.0,       271.8,     12398.0,     12143.0,        46.0,        46.0,        46.0,      1838.0,      1737.0
    434357.0,      3802.2,    134530.0,      6321.0,       308.0,       287.0,       106.0,      3350.0,      2634.0
      1821.5,       251.0,      3833.0,      6609.0,         nan,        32.0,        36.0,      1300.0,      1354.0
      4535.0,       234.5,     15282.0,      5030.0,        44.0,        44.0,        46.0,      1895.0,      1916.0
     13429.7,       208.1,      1228.0,     10498.0,        38.0,        38.0,        41.0,      1503.0,      1500.0
    182396.0,       237.3,     14454.0,     11884.0,        39.0,        38.0,        46.0,      1605.0,      1550.0
         nan,    364451.6,     57442.0,         nan,     49107.0,     46799.0,      8583.0,   1717103.0,         nan
         nan,         nan,         nan,   1477668.0,    174384.0,    153440.0,     74188.0,    647436.0,    286935.0
    382950.0,     11037.0,      7411.0,    667311.0,      1921.0,      1132.0,       237.0,         nan,   1766444.0
    295457.0,      9187.2,     23983.0,     16045.0,      2705.0,      1847.0,       798.0,     11288.0,     12179.0
         nan,    103795.8,    422367.0,         nan,    151587.0,    127895.0,     73531.0,    433408.0,    360043.0
         nan,     42306.1,     66315.0,    756352.0,     24154.0,     19924.0,      6576.0,    516699.0,    403494.0
         nan,    220546.9,    634004.0,         nan,    111956.0,     73923.0,     30589.0,   1277941.0,   1247385.0
         nan,    163653.8,    171223.0,    338480.0,     44221.0,     36763.0,     17348.0,    242200.0,    233807.0
         nan,    224841.7,    468494.0,         nan,    112204.0,     75416.0,     26605.0,         nan,   1221617.0
         nan,    157245.0,    171043.0,    427895.0,     44372.0,     35670.0,     17242.0,    436163.0,    222477.0
    302247.0,      8189.8,     23925.0,     19472.0,      2741.0,      1868.0,       801.0,     10457.0,      9097.0
    298342.0,      9234.1,     23717.0,     19082.0,      2757.0,      1858.0,       799.0,     10709.0,     10355.0
         nan,    171289.5,    467259.0,         nan,    112024.0,     67877.0,     30209.0,         nan,    994006.0
         nan,    156558.2,    172811.0,    379501.0,     45793.0,     34756.0,     17053.0,    412216.0,    179335.0
         nan,    102770.8,    425877.0,         nan,    149817.0,    128931.0,     73764.0,   1632517.0,    692268.0
         nan,   1516206.5,         nan,         nan,         nan,         nan,         nan,         nan,         nan
         nan,    171888.7,    470336.0,         nan,    111982.0,     66758.0,     29891.0,         nan,   1693706.0
         nan,         nan,   1528324.0,         nan,         nan,         nan,   1505238.0,         nan,         nan
         nan,    172567.4,    648148.0,         nan,    111569.0,     67560.0,     29946.0,         nan,   1780173.0
         nan,    172998.9,    464897.0,         nan,    111729.0,     74575.0,     29850.0,         nan,         nan
         nan,    105033.5,    347527.0,         nan,    148473.0,    128357.0,     73402.0,   1278969.0,    670949.0
         nan,    212604.9,    157596.0,    389509.0,     47572.0,     34582.0,     16884.0,    306020.0,    222468.0
